,word,count
0,cart,1
1,outcry,1
2,comes,1
3,Some,1
4,Gardener’s,1
5,pen,5
6,sights,1
7,Being,1
8,cries,1
9,rooftops,1
10,agony,2
11,assimilated,1
12,"lay,",1
13,retelling,1
14,carry,1
15,unrecorded,1
16,praise,1
17,Irish,1
18,foray,1
19,quelled,1
20,covers,1
21,spot,2
22,signified,1
23,fame,1
24,international,2
25,absurd,1
26,they,45
27,presenting,1
28,fibers,1
29,"know,",1
30,last,5
31,tied,3
32,basin,1
33,use,1
34,glitter,2
35,filled,3
36,ever,3
37,mute,1
38,she,109
39,icy,4
40,skinny,2
41,later,8
42,same,8
43,completed,1
44,tragic,1
45,coax,1
46,departed,2
47,whiter,1
48,exit,1
49,tutors,2
50,supply,1
51,possession,1
52,"Biology,",1
53,prove,4
54,any,9
55,than,12
56,"at,",1
57,ripped,1
58,intelligence,2
59,returned,6
60,"walls,",1
61,wholly,1
62,indicated,1
63,progeny,1
64,traces,1
65,"work,",1
66,discovering,1
67,hitched,1
68,"limp,",1
69,capillary,2
70,eyed,1
71,eventually,1
72,estate,3
73,searching,1
74,markings,1
75,"too,",1
76,offer,2
77,pay,3
78,ladder,1
79,routed,1
80,brining,1
81,raging,1
82,useless,1
83,oak,1
84,within,5
85,advance,1
86,leather,1
87,directly,2
88,stored,1
89,urgent,1
90,tools,1
91,fit,1
92,chilled,1
93,had,179
94,influence,1
95,by,24
96,audience,1
97,rational,1
98,condition,2
99,custom,1
100,slipped,1
101,latter,2
102,attempting,2
103,"adopted,",1
104,"years,",1
105,scholars,1
106,writer,1
107,scattered,1
108,rail,1
109,explosion,1
110,pens,1
111,Nothing,1
112,politics,2
113,guise,1
114,needed;,1
115,ease,1
116,animal,1
117,father,15
118,sheer,2
119,came,12
120,short,4
121,greeting,2
122,human,3
123,child,8
124,"entrapped,",1
125,her,235
126,Emmanuel,3
127,seemed,23
128,river,3
129,causing,1
130,crossed,1
131,apply,1
132,wrapped,3
133,courier,2
134,twine,2
135,names,1
136,being,6
137,existence,1
138,Post’s,2
139,birthmark,2
140,control,1
141,though,7
142,sin,1
143,afford,1
144,stiches,1
145,throat,2
146,cleaner,1
147,marry,1
148,waxy,1
149,could,31
150,anonymously,1
151,glistening,1
152,great,7
153,From,2
154,"action,",1
155,rats,1
156,as,135
157,"women,",1
158,out,20
159,documentation,1
160,call,1
161,degrees,1
162,gained,1
163,sprung,1
164,"things,",1
165,brightened,1
166,factor,1
167,research,8
168,pity,2
169,"died,",1
170,feeling,3
171,instructions,1
172,legs,2
173,locks,2
174,selfless,1
175,sometimes,1
176,snap,1
177,startling,1
178,"tea,",1
179,rang,1
180,tried,2
181,sounded,1
182,let,3
183,truly,1
184,application,1
185,drove,4
186,Shrieks,1
187,threw,1
188,His,3
189,rendered,1
190,Asking,1
191,knowing,2
192,drama,2
193,closed,2
194,reddish,1
195,woke,1
196,Uncle,1
197,with,60
198,trusted,2
199,take,2
200,morning,1
201,Once,2
202,coin,1
203,shadowed,1
204,attempt,1
205,surgeries,1
206,seat,2
207,After,5
208,cut,4
209,merchants,1
210,little,18
211,summer’s,1
212,aromatic,1
213,compared,1
214,having,6
215,wrists,1
216,orders,1
217,offering,3
218,uncertainty,1
219,doorway,1
220,delved,1
221,falling,1
222,locomotion,1
223,Moments,1
224,"stank,",1
225,task,1
226,so,22
227,"it,",4
228,nor,1
229,apologized,1
230,meet,2
231,husband,1
232,understand,1
233,-,4
234,Maximilian,1
235,town,3
236,unbecoming,1
237,"entered,",1
238,wooden,1
239,perplexed,1
240,marble,1
241,manor,3
242,Overflowing,1
243,advocate,1
244,streets,2
245,fast,2
246,edge,4
247,years,13
248,seeds,1
249,blackness,1
250,unsavory,1
251,learning,1
252,shock,3
253,twinge,1
254,remove,1
255,discovered,2
256,shapes,1
257,time,14
258,perched,1
259,struggling,1
260,familiar,2
261,barn,1
262,tested,1
263,linens,1
264,buried,1
265,terminated,1
266,evolution,1
267,neared,1
268,I,153
269,astonished,1
270,yearly,1
271,dirt,1
272,subsided,1
273,couples,1
274,passing,1
275,veritably,1
276,"whips,",1
277,Success,1
278,bed,2
279,own,24
280,filed,1
281,net,2
282,Forgiveness,1
283,believed,1
284,ideas,3
285,while,3
286,absorb,1
287,peered,2
288,sutures,1
289,magnificent,1
290,"seventeen,",1
291,curly,2
292,authorities,1
293,according,2
294,book,9
295,constable’s,1
296,brains,1
297,"were,",1
298,"movement,",1
299,Bound,1
300,ever-elusive,1
301,felt,6
302,"color,",2
303,meant,1
304,specific,2
305,watched,1
306,fill,1
307,contain,3
308,"which,",1
309,But,5
310,"weeks,",1
311,energy,2
312,nature,1
313,Had,2
314,countryside,2
315,blowing,1
316,may,2
317,happiness,1
318,accident,1
319,revered,1
320,whispered,1
321,concurred,1
322,Curious,2
323,their,37
324,considerably,1
325,he,58
326,report,1
327,"coroner,",1
328,"God,",1
329,civilized,1
330,recall,1
331,cramped,1
332,suspicious,1
333,retained,1
334,confront,1
335,inspection,2
336,not,71
337,various,1
338,deliver,1
339,ten,3
340,bitterly,1
341,thinking,4
342,midday,1
343,allowed,3
344,stray,1
345,soul,8
346,high,1
347,bruised,1
348,"far,",1
349,receive,1
350,reconsider,1
351,companion,1
352,distracted,1
353,reduced,2
354,smell,1
355,attained,1
356,touched,1
357,charts,1
358,beginning,1
359,"month,",1
360,until,16
361,account,1
362,strangely,1
363,arrived,6
364,Every,1
365,face,13
366,treated,1
367,rushing,1
368,deaf,1
369,skilled,2
370,certain,5
371,details,1
372,year,7
373,vigorously,1
374,hound,2
375,there,13
376,therein;,1
377,trio,1
378,"daughter’s,",1
379,long,13
380,interned,1
381,pitiful,1
382,"back,",2
383,"courier,",1
384,couple,4
385,Eastern,1
386,swell,1
387,surrounding,1
388,attention,1
389,Indeed,1
390,word,1
391,"birds,",1
392,thirteen,3
393,good,13
394,this,25
395,brilliant,1
396,concerned,2
397,furiously,1
398,improved,1
399,another,5
400,passed,2
401,Those,1
402,whole,3
403,mumble,1
404,life,11
405,iris,1
406,frowned,1
407,goodness,1
408,unnoticed,1
409,below,1
410,entrusting,1
411,"impossible,",1
412,circling,1
413,thrown,1
414,directed,2
415,no-one,1
416,worth,2
417,table,1
418,telling,2
419,fathers,1
420,personality,1
421,Back,1
422,seas,1
423,us,7
424,land,1
425,kept,1
426,well,11
427,whimpered,1
428,"letter,",1
429,Like,3
430,dearest,1
431,angles,1
432,best,1
433,forth,2
434,stroked,1
435,flourished,1
436,pain,4
437,seventeenth,1
438,began,5
439,destination,2
440,inseparable,1
441,furniture,1
442,Her,10
443,bruise,1
444,rates,1
445,reacted,1
446,hinges,1
447,granite,1
448,Scientific,5
449,breaking,1
450,describing,1
451,array,1
452,sit,1
453,"words,",2
454,blazing,1
455,pagan,1
456,analyzed,1
457,muse,1
458,pushed,1
459,Seeing,1
460,longer,2
461,"before,",1
462,deal,1
463,ankle,1
464,happen,1
465,traveling,1
466,grounds,1
467,held,4
468,wings,2
469,burned,2
470,seems,1
471,grew,1
472,left,13
473,lopped,1
474,You,1
475,vessels,1
476,"hands,",1
477,bearing,1
478,triangle,1
479,round,1
480,decade,1
481,bandages,9
482,found,38
483,staring,1
484,young,5
485,recycled,1
486,three,12
487,"Board,",1
488,elevated,1
489,eyebrow,1
490,solving,1
491,petite,2
492,alive,2
493,appeared,3
494,read,5
495,unrest,2
496,clutching,1
497,footsteps,2
498,trailed,1
499,corners,2
500,looked,11
501,"He,",1
502,fear,2
503,disturb,1
504,terror,1
505,deep,7
506,words,7
507,uplifting,1
508,Convention,2
509,grudgingly,1
510,facts,1
511,guardian,1
512,ruffled,1
513,opinion,1
514,site,2
515,inheritance,1
516,conservative,1
517,first,9
518,better,4
519,coat,2
520,lay,3
521,telegram,1
522,fellowships,1
523,offered,3
524,claims,2
525,too,3
526,dust,2
527,"invention,",1
528,Three,1
529,himself,4
530,thoughts,4
531,securing,1
532,danger,1
533,commissioner,1
534,dirty,3
535,far,4
536,were,47
537,"neck,",1
538,crossing,1
539,ability,1
540,Just,1
541,understood,4
542,sleepless,1
543,twelfth,2
544,Knowing,1
545,bleached,1
546,girls,1
547,hour,5
548,visitors,1
549,gate,1
550,it,74
551,longest,1
552,fur,1
553,"level,",1
554,coins,1
555,betrayal,1
556,members,2
557,devouring,1
558,fact,5
559,more,25
560,mid,2
561,facing,1
562,reports,1
563,confirm,1
564,tower,1
565,Holy,1
566,hesitant,1
567,scream,3
568,lengthy,1
569,day-to-day,1
570,met,1
571,intellects,1
572,nearer,1
573,softer,1
574,span,2
575,Mostly,1
576,Strays,1
577,theft,1
578,palpable,1
579,latest,1
580,Forced,1
581,stunned,1
582,additional,1
583,Probably,1
584,detest,1
585,bells,1
586,Little,1
587,bands,1
588,mattered,1
589,waters,1
590,pool,1
591,stoop,1
592,glass,1
593,scraps,1
594,Gardener,3
595,cap,1
596,done,5
597,dreamer,1
598,length,1
599,surreal,1
600,solution,2
601,obvious,2
602,experience,3
603,fellow,1
604,stern,1
605,somewhere,1
606,"childbirth,",1
607,tomes,1
608,these,5
609,somehow,2
610,rose,1
611,lightning,1
612,God,1
613,"her,",9
614,university,1
615,"scientist,",1
616,"upheavals,",1
617,storm,3
618,actually,1
619,gracefully,1
620,cock,1
621,miserable,1
622,"circles,",1
623,"communities,",1
624,floor,2
625,sash,5
626,equally,1
627,constabulary,2
628,realizing,1
629,resurfaced,1
630,must,3
631,height,1
632,buying,1
633,nights,1
634,subtle,1
635,kicked,1
636,undisturbed,1
637,lined,2
638,confirmation,1
639,knew,14
640,sat,4
641,curious,9
642,honest,1
643,Near,1
644,praying,1
645,clouds,2
646,sea,1
647,Abraham’s,1
648,almost,7
649,cobblestone,1
650,working,1
651,fold,1
652,Before,2
653,twice,1
654,flowers,1
655,seem,2
656,Passing,1
657,stomach,1
658,direct,1
659,between,2
660,When,6
661,see,7
662,pointing,2
663,always,7
664,indifference,1
665,At,4
666,haunting,1
667,trusting,1
668,spanned,1
669,labeled,2
670,head,11
671,hesitations,1
672,hearth,4
673,visible,4
674,"indispensable,",1
675,expect,1
676,contented,1
677,doorframe,2
678,theorem,2
679,thoroughly,1
680,chilling,2
681,"smile,",1
682,Father,1
683,lowered,1
684,birthdays,1
685,ashamed,1
686,wood,1
687,playmate,1
688,outfitted,1
689,events,1
690,spine,2
691,quilt,1
692,Screams,1
693,a,262
694,most,17
695,myself,10
696,brass,1
697,voices,1
698,hearts,1
699,standard,1
700,repressed,1
701,shapeless,1
702,"voice,",1
703,looking,10
704,attended,2
705,womanhood,1
706,snow,7
707,chill,2
708,"immediately,",1
709,"that,",1
710,elderly,4
711,messy,1
712,is,1
713,nag,1
714,inherited,1
715,"thought,",2
716,carefully,2
717,capable,1
718,"Gardener,",1
719,farm,2
720,invited,1
721,regretted,1
722,package,3
723,stare,1
724,maid,3
725,immediate,2
726,eleventh,1
727,Eight,1
728,explain,1
729,freely,1
730,material,1
731,wanting,3
732,should,6
733,cheerful,1
734,dark,4
735,dressed,4
736,neck,6
737,dating,1
738,neither,1
739,books,3
740,help,4
741,leaping,1
742,Anyone,1
743,pores’,1
744,Here,4
745,care,6
746,victims,1
747,blond,1
748,cannot,3
749,we,16
750,determined,2
751,wind,4
752,full,2
753,dried,1
754,"father,",4
755,other’s,1
756,eat,1
757,formed,1
758,circle,2
759,demands,2
760,minutes,3
761,learn,2
762,peaked,1
763,employees,1
764,suggestion,1
765,draft,1
766,dawn,1
767,guess,1
768,wife’s,1
769,brutal,1
770,"stray’s,",1
771,surgeon,1
772,blue,5
773,boy,1
774,via,2
775,quilted,2
776,knees,2
777,kneeling,1
778,approximate,1
779,"icon,",1
780,sweated,1
781,Farmer,3
782,personally,1
783,"mature,",1
784,uprising,1
785,just,17
786,basket,1
787,potent,1
788,either,2
789,scour,1
790,civilization,1
791,come,3
792,attached,1
793,covered,2
794,color,1
795,whisker,1
796,"coin,",1
797,huddled,1
798,incomplete,1
799,without,3
800,cotton,1
801,darkness,1
802,remaining,1
803,innocence,2
804,stepped,1
805,horror,3
806,fishing,1
807,mourned,1
808,"knew,",1
809,took,12
810,stay,2
811,Where,4
812,smart,2
813,pitted,1
814,of,311
815,significance,2
816,understatement,1
817,very,11
818,petulance,1
819,Horrifying,1
820,save,1
821,do,8
822,tug,1
823,behind,4
824,cleverness,1
825,lit,1
826,Aligning,1
827,crook,1
828,"mouth,",1
829,garlic,1
830,committed,1
831,in,180
832,what,40
833,brother,5
834,taste,1
835,stated,2
836,rat,1
837,finally,3
838,loaf,1
839,description,1
840,mystification,1
841,man,13
842,removed,1
843,halfway,1
844,served,2
845,~@~,2
846,night,5
847,moving,1
848,measure,1
849,hanged,1
850,act,3
851,viewpoints,1
852,finish,1
853,hair,5
854,As,5
855,least,6
856,milk,1
857,formless,1
858,furnished,1
859,"partner,",2
860,"mad,",1
861,reason,1
862,peculiar,1
863,Coming,1
864,focused,2
865,envelope,1
866,buy,1
867,claim,2
868,inconsolable,1
869,shut,2
870,rumors,3
871,proven,1
872,serious,1
873,wisps,1
874,bandage,1
875,"standing,",1
876,lines,1
877,Now,1
878,work,5
879,seemingly,1
880,bushels,1
881,cranium,1
882,paddock,2
883,date,4
884,scientist,2
885,demise,2
886,dispute,1
887,ash,1
888,several,1
889,butcher’s,1
890,fullest,1
891,"child,",2
892,papers,3
893,aside,1
894,elements,2
895,frightened,2
896,informed,1
897,brick,1
898,landing,1
899,awoke,1
900,downstairs,1
901,"papers,",1
902,fresh,1
903,clean,3
904,"entry,",1
905,People,2
906,Convinced,1
907,"found,",1
908,frost,1
909,Removing,1
910,wives,1
911,Glinting,1
912,rotten,1
913,meager,2
914,the,522
915,chosen,1
916,through,10
917,"direction,",1
918,forwarded,1
919,widely,1
920,stranger,1
921,days,12
922,muttering,1
923,"besides,",1
924,mental,1
925,Superstitious,1
926,matter,6
927,coaxed,2
928,"primal,",1
929,soiled,2
930,happened,1
931,services,1
932,fielded,1
933,walked,2
934,dead,1
935,near,4
936,instinct,1
937,"part,",1
938,sinister,2
939,helped,1
940,bet,1
941,riveted,1
942,early,1
943,ranted,1
944,"fact,",1
945,stories,1
946,"book,",1
947,thing,3
948,up,14
949,source,1
950,some,6
951,"destination,",1
952,induced,1
953,charge,1
954,change,2
955,paranoid,1
956,birds,2
957,red,6
958,unresponsive,1
959,become,3
960,sky,2
961,scientific,2
962,"hair,",1
963,wild,1
964,dropped,2
965,screaming,2
966,decay,1
967,"himself,",1
968,"cow,",1
969,letter,10
970,"Theology,",1
971,something,12
972,casting,1
973,Years,1
974,pales,1
975,chuckled,1
976,Upon,2
977,rotting,1
978,making,2
979,quill,1
980,dockside,1
981,skull,2
982,ushering,1
983,"again,",1
984,shelved,1
985,presented,1
986,search,4
987,paid,3
988,known,8
989,sweet,1
990,frigid,1
991,memories,2
992,Though,3
993,chamber,1
994,sharp,1
995,dozen,3
996,one,31
997,experienced,1
998,pair,3
999,anxious,1
1000,give,2
1001,middle,3
1002,stumbled,2
1003,covering,1
1004,age,4
1005,granted,1
1006,mockery,1
1007,piano,1
1008,anxiously,1
1009,"muffled,",1
1010,rolled,1
1011,roots,1
1012,reputation,2
1013,happy,2
1014,ignorance,1
1015,animation,1
1016,journals,1
1017,agreeing,1
1018,firelight,1
1019,escaped,1
1020,slumber,1
1021,baffling,1
1022,gravity,1
1023,location,1
1024,blacked,1
1025,many,5
1026,member,1
1027,No,7
1028,scarlet,1
1029,witnessed,1
1030,"Post,",2
1031,emotion,3
1032,cried,2
1033,rock,1
1034,future,1
1035,delivered,2
1036,skin,4
1037,cresting,1
1038,proclaimed,1
1039,holding,1
1040,heart,5
1041,case,1
1042,Maxamilion,1
1043,friend,4
1044,scorn,1
1045,easier,1
1046,unintelligible,1
1047,fancied,1
1048,stank,1
1049,someone,5
1050,ended,2
1051,beards,1
1052,try,1
1053,quiet,1
1054,quarter,2
1055,cheer,1
1056,copper,1
1057,grown,2
1058,anywhere,1
1059,"however,",4
1060,"coffee,",1
1061,flights,2
1062,rain,2
1063,storage,1
1064,inquisitive,1
1065,"act,",1
1066,Admitting,1
1067,knit,1
1068,cold,2
1069,symptoms,1
1070,anticipated,1
1071,sleeping,1
1072,locked,1
1073,scalp,1
1074,tune,1
1075,Heather’s,10
1076,landscape,1
1077,home,15
1078,voice,2
1079,pulled,1
1080,We,3
1081,unusually,1
1082,wrong,2
1083,clung,1
1084,originally,1
1085,Whippoorwills,2
1086,Embarrassed,1
1087,"shoulders,",1
1088,questioned,3
1089,owned,1
1090,fire,3
1091,opportunity,1
1092,"old,",1
1093,"nature,",1
1094,brain,1
1095,Bernard,12
1096,responded,1
1097,innocent,2
1098,"ago,",2
1099,him,19
1100,peoples,1
1101,venture,1
1102,seamstress,1
1103,studies,1
1104,support,2
1105,council,1
1106,scrawled,1
1107,"drawers,",1
1108,victim,4
1109,corse,1
1110,crowed,1
1111,substance,1
1112,triple,1
1113,examples,1
1114,post,1
1115,screeched,1
1116,"pseudonym,",1
1117,simply,6
1118,size,2
1119,"white,",1
1120,tower’s,1
1121,entering,1
1122,family,10
1123,job,1
1124,blemish,1
1125,"leave,",1
1126,papery,1
1127,force,2
1128,Taking,1
1129,presence,1
1130,space,1
1131,tails,1
1132,sulfur,2
1133,why,1
1134,scrubbing,1
1135,stating,1
1136,bit,2
1137,window;,1
1138,squat,1
1139,stolen,3
1140,investigate,1
1141,laying,1
1142,rarely,2
1143,missing,2
1144,tell,3
1145,mortar,1
1146,still,5
1147,laughed,2
1148,move,5
1149,"listen,",1
1150,machination,1
1151,"left,",1
1152,temperature,1
1153,paper,6
1154,song,1
1155,"does,",1
1156,inches,2
1157,explanation,3
1158,Either,1
1159,teeth,2
1160,down,12
1161,Together,1
1162,knocking,1
1163,now,14
1164,group,1
1165,reader,1
1166,answer,3
1167,thirteenth,1
1168,quickly,3
1169,made,7
1170,attendees,3
1171,on,60
1172,whom,2
1173,judge,2
1174,"question,",2
1175,astonishing,1
1176,wrapping,1
1177,vulgar,1
1178,younger,1
1179,mess,3
1180,room,10
1181,sure,2
1182,deserves,1
1183,reply,1
1184,matron,1
1185,pass,3
1186,onto,1
1187,elite,1
1188,downfall,1
1189,remanded,1
1190,frown,1
1191,black,2
1192,believe,1
1193,lessons,1
1194,silence,4
1195,stone,2
1196,ignorant,1
1197,sight,2
1198,thin,1
1199,razor,1
1200,raise,1
1201,bedrock,1
1202,anew,1
1203,Perish,1
1204,Including,1
1205,you,9
1206,few,13
1207,weeks,1
1208,parting,1
1209,startled,1
1210,huge,1
1211,speech,5
1212,"breathless,",1
1213,science,2
1214,tension,1
1215,library,4
1216,hips,1
1217,follow,2
1218,ritual,1
1219,feared;,1
1220,starting,1
1221,crystal,1
1222,visages,1
1223,memorized,1
1224,utter,1
1225,agreed,1
1226,front,6
1227,"them,",2
1228,maid;,1
1229,damage,2
1230,Howard’s,1
1231,"idea,",1
1232,perpetuated,1
1233,conference,2
1234,wanted,4
1235,assured,3
1236,am,3
1237,conductor,1
1238,truth,3
1239,different,2
1240,riot,1
1241,ward,3
1242,weighed,1
1243,"reign,",1
1244,wads,1
1245,six,3
1246,outside,6
1247,"cold,",1
1248,"daughter,",4
1249,pale,1
1250,followed,2
1251,scandal,1
1252,refilled,2
1253,kitchen,1
1254,no,44
1255,worn,1
1256,blood,2
1257,"commissioner,",1
1258,Health,1
1259,butt,1
1260,uneducated,1
1261,Mad,1
1262,girl’s,3
1263,alter,1
1264,About,1
1265,growing,4
1266,conquered,1
1267,doors,2
1268,slowly,6
1269,striking,1
1270,theologian’s,1
1271,slip,2
1272,‘humoring,1
1273,consumed,1
1274,This,5
1275,With,9
1276,cancer,1
1277,farmhouse,1
1278,distress,1
1279,svelte,1
1280,harm,1
1281,adjusting,1
1282,garnered,1
1283,quicker,1
1284,feared,2
1285,bizarre,1
1286,souls,3
1287,grainy,1
1288,catch,3
1289,"research,",1
1290,radiant,1
1291,"mine,",1
1292,stacked,2
1293,story,5
1294,blind,1
1295,study,8
1296,thread,2
1297,brothers,2
1298,He,11
1299,contracts,1
1300,consciousness,1
1301,certainly,1
1302,shelves,1
1303,desire,1
1304,ransom,1
1305,evidence,4
1306,mind,12
1307,things,1
1308,In,12
1309,his,69
1310,applause,1
1311,everyone,5
1312,scars,4
1313,hint,1
1314,charted,1
1315,replied,2
1316,"holes,",1
1317,plow,1
1318,stamped,1
1319,sobs,1
1320,"feet,",1
1321,lard,1
1322,altogether,1
1323,wringing,1
1324,robbery,1
1325,adolescent,2
1326,blotchy,1
1327,winters,1
1328,minds,3
1329,"levels,",1
1330,child’s,1
1331,emulate,1
1332,If,2
1333,mass,2
1334,gather,1
1335,There,6
1336,"panic”,",1
1337,funding,2
1338,grave,1
1339,frustration,1
1340,curtains,1
1341,darling,1
1342,accepted,1
1343,stabbed,1
1344,"arrived,",1
1345,Only,5
1346,Shore,1
1347,then,17
1348,contemplative,1
1349,Abraham,10
1350,crucifix,1
1351,"man,",1
1352,given,3
1353,female,2
1354,walking,1
1355,pocket,1
1356,ancient,2
1357,bandage-covered,1
1358,major,1
1359,spirits,1
1360,allow,1
1361,identified,1
1362,‘understood’,1
1363,speaking,1
1364,farce,1
1365,"arm,",1
1366,For,8
1367,married,1
1368,paragraphs,1
1369,applied,2
1370,possessed,1
1371,"die,",1
1372,ankles,2
1373,"point,",1
1374,acknowledgment,1
1375,herself,3
1376,every,11
1377,perpetrated,1
1378,daughter,10
1379,string,1
1380,handle,1
1381,wired,1
1382,Looking,1
1383,burns,1
1384,crazy,1
1385,opposing,1
1386,around,11
1387,character,1
1388,remembering,2
1389,"later,",3
1390,theories,5
1391,provable,1
1392,pages,2
1393,trustee’s,1
1394,way,10
1395,jobs,2
1396,phenomenal,1
1397,"greetings,",1
1398,cloud,2
1399,hardship,1
1400,stained,2
1401,flashing,1
1402,despair,1
1403,practice,1
1404,Not,12
1405,handedly,1
1406,police,2
1407,‘Father’,1
1408,madness,1
1409,only,29
1410,tracks,3
1411,spent,4
1412,inch,2
1413,man’s,2
1414,from,53
1415,silk,1
1416,burly,1
1417,thought,4
1418,percent,1
1419,laid,3
1420,"~@~
",1
1421,plot,1
1422,"wife,",2
1423,raved,1
1424,"could,careful",1
1425,molestation,1
1426,unknown,1
1427,precise,1
1428,twenty-three,1
1429,pistol,1
1430,myself;,1
1431,"claims,",1
1432,spoke,5
1433,cat’s,1
1434,girl,27
1435,sides,1
1436,"forget,",1
1437,strange,4
1438,hear,2
1439,"inebriated,",1
1440,cover,2
1441,gruesome,1
1442,bordered,2
1443,contrast,1
1444,guided,1
1445,shaken,1
1446,mortal,2
1447,hands,6
1448,camera,1
1449,was,198
1450,theology,1
1451,fancy’,1
1452,abstract,2
1453,placing,1
1454,flat,2
1455,blank,2
1456,"heart,",2
1457,talked,1
1458,sensation,1
1459,raven,1
1460,predictions,1
1461,mother,9
1462,saddle,1
1463,bone,2
1464,practically,1
1465,seated,1
1466,think,3
1467,wailing,1
1468,longing,1
1469,characters,1
1470,uninterrupted,1
1471,intently,1
1472,water,3
1473,interrupted,1
1474,Any,1
1475,kidnaped,1
1476,screams,3
1477,Watch,1
1478,lot,1
1479,"female,",1
1480,stink,1
1481,North,1
1482,folded,1
1483,naked,1
1484,"had,",1
1485,attend,1
1486,sending,1
1487,cleaned,1
1488,obtain,1
1489,crawled,1
1490,or,31
1491,unconscious,3
1492,Rose,5
1493,feathers,2
1494,bacterial,2
1495,clothing,1
1496,"sung,",1
1497,peeled,1
1498,our,8
1499,beautiful,2
1500,master,1
1501,milled,1
1502,will,3
1503,arming,1
1504,meanline,1
1505,gain,1
1506,four,1
1507,incident,1
1508,been,47
1509,fellowship,1
1510,"after,",1
1511,going,2
1512,arose,1
1513,told,2
1514,steel,1
1515,raised,5
1516,twenty,1
1517,fractional,1
1518,live,3
1519,local,1
1520,She,19
1521,"disappearance,",1
1522,put,2
1523,poured,2
1524,intellectual,1
1525,meaning,1
1526,uncounted,1
1527,welts,2
1528,sheet,1
1529,farmers,1
1530,vow,1
1531,fantastic,1
1532,started,2
1533,connected,1
1534,light,3
1535,earth,1
1536,former,5
1537,lack,2
1538,vicious,1
1539,antic,1
1540,entirety,1
1541,admit;,1
1542,Marta,6
1543,bandaged,2
1544,concentrated,1
1545,anything,1
1546,lean,1
1547,thickness,1
1548,employed,1
1549,peer,1
1550,grasping,1
1551,succumbing,1
1552,Howard,25
1553,faced,1
1554,asked,7
1555,Our,2
1556,find,11
1557,shiver,1
1558,calls,1
1559,Japanese,1
1560,supposed,1
1561,"room,",2
1562,psychological,1
1563,equal,1
1564,anyone,5
1565,heed,1
1566,if,32
1567,chasten,1
1568,tattered,1
1569,suffered,2
1570,slab,2
1571,inner,1
1572,identical,1
1573,dual,1
1574,maturity,1
1575,comparison,2
1576,also,2
1577,evening,1
1578,before,16
1579,Carwell,4
1580,enough,2
1581,desperately,3
1582,caught,2
1583,walls,1
1584,avenues,2
1585,leapt,1
1586,extreme,1
1587,"dreams,",1
1588,Glasselle,1
1589,"dissatisfaction,",1
1590,During,1
1591,unsure,1
1592,old,17
1593,memory,2
1594,ward’s,1
1595,apparent,2
1596,although,1
1597,woman,1
1598,chimed,1
1599,respected,1
1600,direction,2
1601,confusion,1
1602,peek,1
1603,They,10
1604,"discuss,",1
1605,honors,1
1606,wistfully,1
1607,inspected,3
1608,fierce,1
1609,which,12
1610,men,4
1611,Evolution,1
1612,among,1
1613,By,5
1614,Never,3
1615,praised,1
1616,went,10
1617,revolution,1
1618,"Bernard,",1
1619,board,1
1620,Without,1
1621,boil,1
1622,farmer,17
1623,nutritional,1
1624,Post,7
1625,oval,1
1626,turned,3
1627,handful,1
1628,helpless,2
1629,healing,2
1630,convincing,1
1631,crust,1
1632,dabbed,1
1633,"occurrence,",1
1634,century,1
1635,shortly,1
1636,smiling,1
1637,ample,1
1638,information,3
1639,certainty,2
1640,understanding,1
1641,Bernard’s,5
1642,ships,1
1643,inching,1
1644,scene,3
1645,dated,4
1646,rodent,1
1647,devil’s,1
1648,explaining,1
1649,White,1
1650,"life,",1
1651,thank,1
1652,“wild-eyed,1
1653,stench,1
1654,seeing,6
1655,letters,2
1656,shunned,3
1657,field,8
1658,Naked,1
1659,origins,1
1660,clear,4
1661,new,9
1662,death,7
1663,furs,2
1664,right,4
1665,balance,1
1666,Rousing,1
1667,nightgowns;,1
1668,stout,2
1669,Around,1
1670,"door,",1
1671,heat,2
1672,"Post’s,",1
1673,called,4
1674,intimate,1
1675,calm,3
1676,both,3
1677,title,1
1678,Hasty,1
1679,ultimately,1
1680,sad,1
1681,glasses,1
1682,dress,4
1683,equilateral,1
1684,surprised,1
1685,Unknown,1
1686,wealthy,1
1687,richer,1
1688,"digits,",1
1689,awash,1
1690,dog,9
1691,plague,8
1692,drug,1
1693,note,3
1694,biological,3
1695,voted,1
1696,Maxamillion’s,1
1697,taking,2
1698,Cremation,1
1699,single,7
1700,queerly,1
1701,contact,1
1702,has,3
1703,provide,1
1704,month,1
1705,cord,1
1706,fingertips,1
1707,mouths,1
1708,culminated,1
1709,tended,1
1710,gauze,1
1711,go,3
1712,ice,1
1713,standing,2
1714,doctor’s,1
1715,crimson,2
1716,soon,4
1717,area,2
1718,"presented,",1
1719,Heather,37
1720,blow,1
1721,arms,3
1722,lass,1
1723,like,18
1724,beside,2
1725,at,39
1726,"brother,",1
1727,"dead,",2
1728,kidnaping,3
1729,dealt,1
1730,previous,1
1731,handy,1
1732,hung,1
1733,an,32
1734,inventors,1
1735,flick,1
1736,"scribes,",1
1737,"I,",1
1738,can,5
1739,father’s,2
1740,small,14
1741,leaning,2
1742,"prank,",1
1743,hideous,1
1744,"said,",1
1745,draw,1
1746,suffer,1
1747,calmed,2
1748,"Messer
",1
1749,excommunicated,1
1750,quieted,1
1751,simpler,1
1752,daily,1
1753,cusp,1
1754,less,4
1755,bedroom,1
1756,square,1
1757,"grew,",1
1758,"strain,",1
1759,door,12
1760,half,3
1761,bold,1
1762,Its,1
1763,ribbons,1
1764,acquired,2
1765,dusted,1
1766,who,6
1767,skipped,1
1768,finished,3
1769,"questions,",2
1770,tiny,2
1771,step,1
1772,nightgown,2
1773,salt,2
1774,sadness,1
1775,emerald,1
1776,finest,2
1777,Considering,1
1778,canine,1
1779,thirty-two,1
1780,locking,1
1781,my,94
1782,stressed,1
1783,Corey,1
1784,wronged,1
1785,brief,4
1786,positive,1
1787,fished,1
1788,Whether,1
1789,along,1
1790,wisp,1
1791,family’s,3
1792,look,8
1793,It,30
1794,fore,1
1795,privacy,1
1796,hackles,1
1797,number,1
1798,wrote,2
1799,intent,2
1800,bundled,1
1801,farfetched,1
1802,hypnotizing,1
1803,embers,1
1804,pick,1
1805,Stains,1
1806,Through,1
1807,times,7
1808,awaited,1
1809,strap,1
1810,moments,1
1811,reality,3
1812,since,4
1813,plates,1
1814,ashes,2
1815,shook,2
1816,perform,1
1817,played,2
1818,led,1
1819,quick,1
1820,"receding,",1
1821,"place,",1
1822,grotesque,2
1823,frame,1
1824,nothing,2
1825,dreary,1
1826,other,2
1827,biology,1
1828,past,3
1829,limbs,1
1830,induction,1
1831,exhalation,1
1832,check,1
1833,obliterated,1
1834,broke,1
1835,published,2
1836,make,7
1837,response,1
1838,naught,1
1839,queer,2
1840,"hand,",1
1841,Disgust,1
1842,fondness,1
1843,secret,2
1844,never,15
1845,rushed,2
1846,replaced,4
1847,bright,2
1848,Most,3
1849,path,2
1850,test,2
1851,Inside,1
1852,broken,3
1853,Hundreds,1
1854,"conclusion,",1
1855,unnaturally,1
1856,slightly,1
1857,attending,1
1858,died,3
1859,once,11
1860,unconvinced,1
1861,sour,1
1862,picking,1
1863,neighborhood,2
1864,depths,1
1865,turning,1
1866,deserved,1
1867,matched,2
1868,protection,1
1869,Twice,1
1870,notice,2
1871,ourselves,1
1872,grey,2
1873,end,4
1874,favorable,1
1875,backers,1
1876,city,8
1877,poverty,2
1878,Two,2
1879,scathing,1
1880,comprehension,2
1881,"death,",2
1882,composed,1
1883,nodded,1
1884,how,5
1885,Cornelius,7
1886,stopped,6
1887,abruptly,1
1888,blackened,1
1889,ink,4
1890,visited,1
1891,have,27
1892,lamplight,1
1893,coil,1
1894,nearly,4
1895,day,19
1896,merchant,1
1897,maleness,1
1898,swore,1
1899,following,1
1900,panel,3
1901,threats,1
1902,loss,2
1903,angered,1
1904,penny,1
1905,none,2
1906,hinge,1
1907,Torn,1
1908,yard,1
1909,tending,1
1910,burst,1
1911,gray,3
1912,easy,2
1913,learned,2
1914,show,1
1915,"me,",1
1916,Stripping,1
1917,large,2
1918,hug,1
1919,"excited,",1
1920,"acreage,",1
1921,hand,9
1922,steam,2
1923,amount,3
1924,affecting,1
1925,contained,6
1926,belief,1
1927,ends,1
1928,side,3
1929,trying,4
1930,sits,1
1931,stitching,1
1932,body’s,1
1933,"scars,",2
1934,time;,1
1935,"note,",1
1936,ghosts,1
1937,proud,1
1938,fallen,4
1939,season,1
1940,weather,4
1941,"demanded,",1
1942,silent,2
1943,attack,1
1944,sibling,1
1945,when,19
1946,tissue,1
1947,pieces,1
1948,air,4
1949,for,57
1950,Shame,1
1951,scissors,1
1952,away,13
1953,avoided,1
1954,judgments,1
1955,"genius,",1
1956,din,1
1957,"traditionalist,",1
1958,trees,1
1959,atop,1
1960,worked,3
1961,mill,2
1962,place,1
1963,tomato,1
1964,birthday,4
1965,frozen,2
1966,visits,1
1967,receiving,2
1968,quite,2
1969,boy’s,2
1970,genius,4
1971,rusted,1
1972,neigh,1
1973,draped,1
1974,showed,5
1975,touch,1
1976,those,7
1977,scrawling,2
1978,Gertrude’s,1
1979,Board,10
1980,else,1
1981,scribble,1
1982,inquiring,1
1983,Having,2
1984,depression,4
1985,remission,1
1986,poor,2
1987,noon,1
1988,remember,5
1989,trauma,1
1990,audible,1
1991,itself,3
1992,guttering,1
1993,intellect,2
1994,instead,1
1995,caring,1
1996,headed,1
1997,Others,2
1998,quart,1
1999,hearing,1
2000,slow,2
2001,where,5
2002,On,5
2003,fashion,1
2004,"mausoleum,",1
2005,waves,1
2006,furnace,1
2007,brought,3
2008,communicated,1
2009,Susan,3
2010,whimper,1
2011,sixteenth,2
2012,ready,1
2013,loyal,1
2014,revealed,1
2015,panting,1
2016,stood,8
2017,entertained,1
2018,surplus,1
2019,cyclopean,1
2020,commotion,1
2021,repeat,1
2022,glint,2
2023,"madman,",1
2024,bun,1
2025,mighty,1
2026,captivated,1
2027,Neighbors,1
2028,shoulder,7
2029,flash,2
2030,encouraged,1
2031,lonely,1
2032,nest,1
2033,week,8
2034,but,37
2035,toil,1
2036,name,3
2037,lower,1
2038,participate,1
2039,fifteen,1
2040,record,1
2041,person,1
2042,highly,2
2043,close,2
2044,willing,1
2045,track,1
2046,childbirth,1
2047,turn,2
2048,suspicions,1
2049,shoulder;,1
2050,ground,3
2051,misery,1
2052,unaware,1
2053,know,8
2054,occasional,2
2055,giggle,1
2056,"Susan,",2
2057,sponged,1
2058,Enlisting,1
2059,mongoloid,1
2060,problem,2
2061,whose,2
2062,calling,1
2063,system,1
2064,importance,1
2065,fugitive,1
2066,signature,2
2067,attendee’s,1
2068,entrapping,1
2069,weight,1
2070,shade,1
2071,miles,1
2072,investigation,1
2073,blast,1
2074,"rather,",1
2075,Thank,1
2076,chest,1
2077,pot,1
2078,common,2
2079,dunking,1
2080,"murdered,",1
2081,pretty,1
2082,partner,8
2083,cows,1
2084,frail,1
2085,perhaps,2
2086,blew,1
2087,perch,1
2088,finger,1
2089,fitful,1
2090,knocked,1
2091,susceptible,1
2092,chided,1
2093,lodged,1
2094,"city,",1
2095,"hospitalities,",1
2096,fueled,1
2097,delicate,3
2098,persona,1
2099,keep,2
2100,sign,2
2101,listening,1
2102,lucky,2
2103,over,12
2104,Gertrude,7
2105,split,1
2106,mile,2
2107,gotten,1
2108,true,2
2109,disreputable,1
2110,that,131
2111,because,1
2112,"cremation,",1
2113,diamonds,1
2114,often,11
2115,puberty,1
2116,remained,4
2117,Although,1
2118,woman’s,1
2119,feet,1
2120,heard,4
2121,rough,2
2122,serve,2
2123,Late,1
2124,hard,2
2125,ransacked,1
2126,begged,1
2127,forward,7
2128,hell,1
2129,inside,8
2130,world,5
2131,children,5
2132,stock,1
2133,coarse,1
2134,disappearing,1
2135,distance,2
2136,Tears,1
2137,theory,3
2138,symbolized,1
2139,admit,2
2140,Attempting,2
2141,Identification,1
2142,instantly,2
2143,fair,1
2144,hence,1
2145,signed,1
2146,want,3
2147,"weather,",1
2148,brandy,1
2149,visit,1
2150,battlefield,1
2151,"amazing,",1
2152,abilities,1
2153,aftermost,1
2154,white,9
2155,contents,2
2156,match,1
2157,form,2
2158,toes,1
2159,blindfolded,1
2160,body,14
2161,forties,1
2162,after,23
2163,observed,1
2164,Moving,1
2165,glance,1
2166,foundation,2
2167,love,1
2168,questions,8
2169,horrors,1
2170,freckles,1
2171,moved,3
2172,officially,1
2173,crack,1
2174,fell,3
2175,Faith,1
2176,stitches,5
2177,"Emmanuel,",2
2178,ears,4
2179,second,5
2180,potential,2
2181,Yet,3
2182,breech,1
2183,lost,4
2184,continent,1
2185,fourteen,1
2186,did,14
2187,moment,4
2188,ago,4
2189,warm,2
2190,joke,2
2191,discover,1
2192,stripping,1
2193,stop,1
2194,answers,2
2195,able,4
2196,madman,1
2197,instant,2
2198,question,2
2199,enormous,1
2200,required,1
2201,malevolent,1
2202,earlier,2
2203,irregular,1
2204,warming,1
2205,free,1
2206,odor,1
2207,perfect,4
2208,yet,3
2209,stubble,2
2210,Conference,1
2211,investments,1
2212,The,60
2213,heartache,1
2214,slightest,1
2215,professor,1
2216,late,3
2217,destroyed,1
2218,piles,1
2219,renewable,1
2220,whispers,1
2221,received,4
2222,official,1
2223,cultural,2
2224,corner,7
2225,‘she,1
2226,abandoned,1
2227,yelp,1
2228,sank,1
2229,tome,2
2230,chair,1
2231,mad,3
2232,lightly,2
2233,"cleared,",1
2234,cross,1
2235,workers,1
2236,wonder,1
2237,One,2
2238,such,6
2239,present,1
2240,setting,1
2241,shedding,1
2242,anticipation,2
2243,"replied,",1
2244,eye,14
2245,each,6
2246,areas,1
2247,course,3
2248,joint,1
2249,sponge,1
2250,born,1
2251,giant,2
2252,Set,1
2253,outrage,2
2254,spread,2
2255,mouth,4
2256,outraged,1
2257,uttered,2
2258,"calls,",1
2259,Ten,1
2260,fence,1
2261,howl,1
2262,submitted,1
2263,stand,1
2264,under,4
2265,citizens,1
2266,Heathers,1
2267,loud,1
2268,"girl,",4
2269,pungent,1
2270,wither,1
2271,described,1
2272,statement,1
2273,back,17
2274,releasing,1
2275,deceased,1
2276,networks,1
2277,verge,1
2278,about,30
2279,containing,1
2280,escape,1
2281,Staying,1
2282,failed,2
2283,"broke,",1
2284,written,1
2285,general,1
2286,What,5
2287,technology,1
2288,claimed,3
2289,Counting,1
2290,needed,3
2291,hundred,1
2292,partners,1
2293,"be,",1
2294,grimly,1
2295,shaking,1
2296,tragedy,2
2297,shallow,1
2298,axe,2
2299,pure,1
2300,metal,1
2301,does,1
2302,say,9
2303,travel,1
2304,fan,1
2305,off,6
2306,advantages;,1
2307,Part,1
2308,explained,3
2309,bravely,1
2310,extremities,1
2311,part,5
2312,ghost,1
2313,whisper,1
2314,torment,1
2315,admission,1
2316,hope,2
2317,reasoning,1
2318,cared,1
2319,hooked,1
2320,wide,2
2321,recovering,1
2322,ego’s,1
2323,armed,1
2324,signs,1
2325,pit,1
2326,bovine,1
2327,A,21
2328,favor,1
2329,"body,",1
2330,Questions,1
2331,fanciful,1
2332,Helping,1
2333,spilled,1
2334,assigned,1
2335,chard,1
2336,unfolding,2
2337,glances,1
2338,cautious,1
2339,fancy,1
2340,pittance,1
2341,lucid,1
2342,gale,1
2343,blanket,1
2344,allowing,3
2345,candles,3
2346,winter,3
2347,pseudonym,2
2348,into,30
2349,related,1
2350,whippet,1
2351,breath,4
2352,tub,1
2353,To,10
2354,shell,3
2355,smile,5
2356,regressives,1
2357,assets,1
2358,stack,1
2359,Instead,1
2360,antics,1
2361,scratches,1
2362,wellbeing,1
2363,reported,3
2364,states,1
2365,West’s,1
2366,cheerfulness,1
2367,indeed,1
2368,plant,1
2369,said,7
2370,gargantuan,1
2371,cow,2
2372,forehead;,1
2373,Explosions,1
2374,continued,2
2375,house,4
2376,bread,2
2377,ego,1
2378,two-score,1
2379,wrapper,1
2380,roughly,1
2381,observers,1
2382,set,7
2383,negative,2
2384,struck,4
2385,saying,1
2386,Weather,1
2387,simple,3
2388,third,2
2389,much,17
2390,favorite,1
2391,sleep,1
2392,rise,1
2393,two,22
2394,whether,1
2395,ahead,1
2396,shoulders,1
2397,bleary,1
2398,ranks,1
2399,supplied,2
2400,became,3
2401,boiled,1
2402,money,3
2403,lips,2
2404,ugly,1
2405,breaths,1
2406,rot,1
2407,scientists,1
2408,key,1
2409,"genetics,",1
2410,sickening,1
2411,careful,1
2412,bared,2
2413,and,270
2414,book;,1
2415,lived,3
2416,sudden,1
2417,precious,2
2418,slide,1
2419,noticed,2
2420,"Heather,",3
2421,"am,",1
2422,congeal,1
2423,remembered,4
2424,hushed,1
2425,living,3
2426,themselves,3
2427,loose,2
2428,wandered,3
2429,safety,1
2430,heavy,5
2431,knowledge,5
2432,mingling,1
2433,bare,1
2434,hesitate,1
2435,intended,1
2436,captors,1
2437,"debate,",1
2438,surpassed,1
2439,steady,1
2440,return,4
2441,mutual,1
2442,further,4
2443,gave,1
2444,volition,1
2445,moderately,1
2446,I’ve,1
2447,hers,3
2448,"conceived,",1
2449,softly,1
2450,five,2
2451,thick,7
2452,judges,1
2453,sewn,1
2454,fuss,2
2455,estimated,1
2456,growled,3
2457,seen,6
2458,vermin,1
2459,certified,1
2460,nervous,3
2461,line,2
2462,run,3
2463,leave,3
2464,here,5
2465,assimilate,1
2466,transposition,1
2467,"page,",1
2468,dens,1
2469,ignore,1
2470,checking,2
2471,nasty,1
2472,doctor,3
2473,And,3
2474,bow,1
2475,be,33
2476,"son,",1
2477,spoil,1
2478,"arms,",1
2479,welled,1
2480,thanks,1
2481,caused,3
2482,experiment,1
2483,disprove,1
2484,shocked,1
2485,"Howard,",3
2486,"surprise,",1
2487,addressed,1
2488,accompanied,1
2489,quietly,2
2490,"mother,",1
2491,Emmanuel’s,2
2492,drained,1
2493,excelled,1
2494,lands,2
2495,pink,1
2496,immediately,1
2497,"fingertips,",1
2498,adjust,1
2499,forgotten,1
2500,suddenly,1
2501,deliverable,1
2502,slums,1
2503,me,26
2504,base,1
2505,cast,1
2506,range,1
2507,sent,4
2508,licking,1
2509,towards,1
2510,fathered,1
2511,Insult,1
2512,Navigating,1
2513,whipped,1
2514,"horn,",1
2515,blown,1
2516,faith,1
2517,constabulary’s,1
2518,constable,1
2519,reached,2
2520,Rumors,2
2521,seventeen,2
2522,Middle,1
2523,strolled,1
2524,forced,1
2525,low,2
2526,fantasy,1
2527,dear,3
2528,"change,",1
2529,detail,1
2530,hurt,2
2531,"company,",1
2532,invention,2
2533,odd,1
2534,slept,1
2535,nonetheless,1
2536,ridicule,1
2537,Avenues,1
2538,begun,1
2539,Interview,1
2540,notion,1
2541,wretch,1
2542,eight,2
2543,glimpse,1
2544,saved,1
2545,roiling,1
2546,taken,5
2547,parts,1
2548,wane,1
2549,narrow,1
2550,lasted,1
2551,,29
2552,class,2
2553,Infuriated,1
2554,mounds,1
2555,soundly,1
2556,eyes,13
2557,encircled,2
2558,wife,14
2559,reading,3
2560,street,3
2561,recorded,2
2562,its,11
2563,notes,1
2564,texture,1
2565,all,24
2566,address,2
2567,impressive,2
2568,ages,1
2569,even,17
2570,Tiny,1
2571,solid,1
2572,injury,1
2573,saw,8
2574,Coloring,1
2575,sound,3
2576,vast,3
2577,raving,1
2578,rather,1
2579,creating,1
2580,backed,1
2581,closer,1
2582,roads,3
2583,My,4
2584,against,1
2585,bring,5
2586,similar,1
2587,milking,1
2588,momentarily,1
2589,alone,3
2590,need,1
2591,safe,1
2592,recoiled,1
2593,maturation,1
2594,ledger,1
2595,brown,1
2596,World,2
2597,tears,1
2598,labs,1
2599,"men,",1
2600,rest,1
2601,unsolved,1
2602,beyond,1
2603,definite,1
2604,pile,3
2605,pinned,1
2606,outright,1
2607,singing,2
2608,"handkerchief,",1
2609,Dr,8
2610,herding,1
2611,wraiths,1
2612,one-hundred,1
2613,weathered,1
2614,fine,1
2615,expand,1
2616,natural,1
2617,acclaim,1
2618,returning,1
2619,"theirs,",1
2620,complications,1
2621,amidst,1
2622,join,1
2623,problems,1
2624,Friendly,1
2625,above,1
2626,easily,1
2627,would,25
2628,people,9
2629,relate,1
2630,to,278
2631,spring,2
2632,smoke,2
2633,"hearth,",1
2634,gone,4
2635,strong,1
2636,So,1
2637,iron,4
2638,recalled,3
2639,outwork,1
2640,reach,1
2641,speed,1
2642,keyhole,2
2643,utterance,2
2644,them,16
2645,sunny,1
2646,renowned,1
2647,powerful,1
2648,relief,2
2649,cause,1
2650,gesture,1
2651,ridiculed,1
2652,subjects,1
2653,upon,41
2654,tore,2
2655,again,6
2656,cremation,1
